,negative
0,abnormal
1,abolish
2,abominable
3,abominably
4,abominate
5,abomination
6,abort
7,aborted
8,aborts
9,abrade
10,abrasive
11,abrupt
12,abruptly
13,abscond
14,absence
15,absent-minded
16,absentee
17,absurd
18,absurdity
19,absurdly
20,absurdness
21,abuse
22,abused
23,abuses
24,abusive
25,abysmal
26,abysmally
27,abyss
28,accidental
29,accost
30,accursed
31,accusation
32,accusations
33,accuse
34,accuses
35,accusing
36,accusingly
37,acerbate
38,acerbic
39,acerbically
40,ache
41,ached
42,aches
43,achey
44,aching
45,acrid
46,acridly
47,acridness
48,acrimonious
49,acrimoniously
50,acrimony
51,adamant
52,adamantly
53,addict
54,addicted
55,addicting
56,addicts
57,admonish
58,admonisher
59,admonishingly
60,admonishment
61,admonition
62,adulterate
63,adulterated
64,adulteration
65,adulterier
66,adversarial
67,adversary
68,adverse
69,adversity
70,afflict
71,affliction
72,afflictive
73,affront
74,afraid
75,aggravate
76,aggravating
77,aggravation
78,aggression
79,aggressive
80,aggressiveness
81,aggressor
82,aggrieve
83,aggrieved
84,aggrivation
85,aghast
86,agonies
87,agonize
88,agonizing
89,agonizingly
90,agony
91,aground
92,ail
93,ailing
94,ailment
95,aimless
96,alarm
97,alarmed
98,alarming
99,alarmingly
100,alienate
101,alienated
102,alienation
103,allegation
104,allegations
105,allege
106,allergic
107,allergies
108,allergy
109,aloof
110,altercation
111,ambiguity
112,ambiguous
113,ambivalence
114,ambivalent
115,ambush
116,amiss
117,amputate
118,anarchism
119,anarchist
120,anarchistic
121,anarchy
122,anemic
123,anger
124,angrily
125,angriness
126,angry
127,anguish
128,animosity
129,annihilate
130,annihilation
131,annoy
132,annoyance
133,annoyances
134,annoyed
135,annoying
136,annoyingly
137,annoys
138,anomalous
139,anomaly
140,antagonism
141,antagonist
142,antagonistic
143,antagonize
144,anti-
145,anti-american
146,anti-israeli
147,anti-occupation
148,anti-proliferation
149,anti-semites
150,anti-social
151,anti-us
152,anti-white
153,antipathy
154,antiquated
155,antithetical
156,anxieties
157,anxiety
158,anxious
159,anxiously
160,anxiousness
161,apathetic
162,apathetically
163,apathy
164,apocalypse
165,apocalyptic
166,apologist
167,apologists
168,appal
169,appall
170,appalled
171,appalling
172,appallingly
173,apprehension
174,apprehensions
175,apprehensive
176,apprehensively
177,arbitrary
178,arcane
179,archaic
180,arduous
181,arduously
182,argumentative
183,arrogance
184,arrogant
185,arrogantly
186,ashamed
187,asinine
188,asininely
189,asinininity
190,askance
191,asperse
192,aspersion
193,aspersions
194,assail
195,assassin
196,assassinate
197,assault
198,assult
199,astray
200,asunder
201,atrocious
202,atrocities
203,atrocity
204,atrophy
205,attack
206,attacks
207,audacious
208,audaciously
209,audaciousness
210,audacity
211,audiciously
212,austere
213,authoritarian
214,autocrat
215,autocratic
216,avalanche
217,avarice
218,avaricious
219,avariciously
220,avenge
221,averse
222,aversion
223,aweful
224,awful
225,awfully
226,awfulness
227,awkward
228,awkwardness
229,ax
230,babble
231,back-logged
232,back-wood
233,back-woods
234,backache
235,backaches
236,backaching
237,backbite
238,backbiting
239,backward
240,backwardness
241,backwood
242,backwoods
243,bad
244,badly
245,baffle
246,baffled
247,bafflement
248,baffling
249,bait
250,balk
251,banal
252,banalize
253,bane
254,banish
255,banishment
256,bankrupt
257,barbarian
258,barbaric
259,barbarically
260,barbarity
261,barbarous
262,barbarously
263,barren
264,baseless
265,bash
266,bashed
267,bashful
268,bashing
269,bastard
270,bastards
271,battered
272,battering
273,batty
274,bearish
275,beastly
276,bedlam
277,bedlamite
278,befoul
279,beg
280,beggar
281,beggarly
282,begging
283,beguile
284,belabor
285,belated
286,beleaguer
287,belie
288,belittle
289,belittled
290,belittling
291,bellicose
292,belligerence
293,belligerent
294,belligerently
295,bemoan
296,bemoaning
297,bemused
298,bent
299,berate
300,bereave
301,bereavement
302,bereft
303,berserk
304,beseech
305,beset
306,besiege
307,besmirch
308,bestial
309,betray
310,betrayal
311,betrayals
312,betrayer
313,betraying
314,betrays
315,bewail
316,beware
317,bewilder
318,bewildered
319,bewildering
320,bewilderingly
321,bewilderment
322,bewitch
323,bias
324,biased
325,biases
326,bicker
327,bickering
328,bid-rigging
329,bigotries
330,bigotry
331,bitch
332,bitchy
333,biting
334,bitingly
335,bitter
336,bitterly
337,bitterness
338,bizarre
339,blab
340,blabber
341,blackmail
342,blah
343,blame
344,blameworthy
345,bland
346,blandish
347,blaspheme
348,blasphemous
349,blasphemy
350,blasted
351,blatant
352,blatantly
353,blather
354,bleak
355,bleakly
356,bleakness
357,bleed
358,bleeding
359,bleeds
360,blemish
361,blind
362,blinding
363,blindingly
364,blindside
365,blister
366,blistering
367,bloated
368,blockage
369,blockhead
370,bloodshed
371,bloodthirsty
372,bloody
373,blotchy
374,blow
375,blunder
376,blundering
377,blunders
378,blunt
379,blur
380,bluring
381,blurred
382,blurring
383,blurry
384,blurs
385,blurt
386,boastful
387,boggle
388,bogus
389,boil
390,boiling
391,boisterous
392,bomb
393,bombard
394,bombardment
395,bombastic
396,bondage
397,bonkers
398,bore
399,bored
400,boredom
401,bores
402,boring
403,botch
404,bother
405,bothered
406,bothering
407,bothers
408,bothersome
409,bowdlerize
410,boycott
411,braggart
412,bragger
413,brainless
414,brainwash
415,brash
416,brashly
417,brashness
418,brat
419,bravado
420,brazen
421,brazenly
422,brazenness
423,breach
424,break
425,break-up
426,break-ups
427,breakdown
428,breaking
429,breaks
430,breakup
431,breakups
432,bribery
433,brimstone
434,bristle
435,brittle
436,broke
437,broken
438,broken-hearted
439,brood
440,browbeat
441,bruise
442,bruised
443,bruises
444,bruising
445,brusque
446,brutal
447,brutalising
448,brutalities
449,brutality
450,brutalize
451,brutalizing
452,brutally
453,brute
454,brutish
455,bs
456,buckle
457,bug
458,bugging
459,buggy
460,bugs
461,bulkier
462,bulkiness
463,bulky
464,bulkyness
465,bull****
466,bull----
467,bullies
468,bullshit
469,bullshyt
470,bully
471,bullying
472,bullyingly
473,bum
474,bump
475,bumped
476,bumping
477,bumpping
478,bumps
479,bumpy
480,bungle
481,bungler
482,bungling
483,bunk
484,burden
485,burdensome
486,burdensomely
487,burn
488,burned
489,burning
490,burns
491,bust
492,busts
493,busybody
494,butcher
495,butchery
496,buzzing
497,byzantine
498,cackle
499,calamities
500,calamitous
501,calamitously
502,calamity
503,callous
504,calumniate
505,calumniation
506,calumnies
507,calumnious
508,calumniously
509,calumny
510,cancer
511,cancerous
512,cannibal
513,cannibalize
514,capitulate
515,capricious
516,capriciously
517,capriciousness
518,capsize
519,careless
520,carelessness
521,caricature
522,carnage
523,carp
524,cartoonish
525,cash-strapped
526,castigate
527,castrated
528,casualty
529,cataclysm
530,cataclysmal
531,cataclysmic
532,cataclysmically
533,catastrophe
534,catastrophes
535,catastrophic
536,catastrophically
537,catastrophies
538,caustic
539,caustically
540,cautionary
541,cave
542,censure
543,chafe
544,chaff
545,chagrin
546,challenging
547,chaos
548,chaotic
549,chasten
550,chastise
551,chastisement
552,chatter
553,chatterbox
554,cheap
555,cheapen
556,cheaply
557,cheat
558,cheated
559,cheater
560,cheating
561,cheats
562,checkered
563,cheerless
564,cheesy
565,chide
566,childish
567,chill
568,chilly
569,chintzy
570,choke
571,choleric
572,choppy
573,chore
574,chronic
575,chunky
576,clamor
577,clamorous
578,clash
579,cliche
580,cliched
581,clique
582,clog
583,clogged
584,clogs
585,cloud
586,clouding
587,cloudy
588,clueless
589,clumsy
590,clunky
591,coarse
592,cocky
593,coerce
594,coercion
595,coercive
596,cold
597,coldly
598,collapse
599,collude
600,collusion
601,combative
602,combust
603,comical
604,commiserate
605,commonplace
606,commotion
607,commotions
608,complacent
609,complain
610,complained
611,complaining
612,complains
613,complaint
614,complaints
615,complex
616,complicated
617,complication
618,complicit
619,compulsion
620,compulsive
621,concede
622,conceded
623,conceit
624,conceited
625,concen
626,concens
627,concern
628,concerned
629,concerns
630,concession
631,concessions
632,condemn
633,condemnable
634,condemnation
635,condemned
636,condemns
637,condescend
638,condescending
639,condescendingly
640,condescension
641,confess
642,confession
643,confessions
644,confined
645,conflict
646,conflicted
647,conflicting
648,conflicts
649,confound
650,confounded
651,confounding
652,confront
653,confrontation
654,confrontational
655,confuse
656,confused
657,confuses
658,confusing
659,confusion
660,confusions
661,congested
662,congestion
663,cons
664,conscons
665,conservative
666,conspicuous
667,conspicuously
668,conspiracies
669,conspiracy
670,conspirator
671,conspiratorial
672,conspire
673,consternation
674,contagious
675,contaminate
676,contaminated
677,contaminates
678,contaminating
679,contamination
680,contempt
681,contemptible
682,contemptuous
683,contemptuously
684,contend
685,contention
686,contentious
687,contort
688,contortions
689,contradict
690,contradiction
691,contradictory
692,contrariness
693,contravene
694,contrive
695,contrived
696,controversial
697,controversy
698,convoluted
699,corrode
700,corrosion
701,corrosions
702,corrosive
703,corrupt
704,corrupted
705,corrupting
706,corruption
707,corrupts
708,corruptted
709,costlier
710,costly
711,counter-productive
712,counterproductive
713,coupists
714,covetous
715,coward
716,cowardly
717,crabby
718,crack
719,cracked
720,cracks
721,craftily
722,craftly
723,crafty
724,cramp
725,cramped
726,cramping
727,cranky
728,crap
729,crappy
730,craps
731,crash
732,crashed
733,crashes
734,crashing
735,crass
736,craven
737,cravenly
738,craze
739,crazily
740,craziness
741,crazy
742,creak
743,creaking
744,creaks
745,credulous
746,creep
747,creeping
748,creeps
749,creepy
750,crept
751,crime
752,criminal
753,cringe
754,cringed
755,cringes
756,cripple
757,crippled
758,cripples
759,crippling
760,crisis
761,critic
762,critical
763,criticism
764,criticisms
765,criticize
766,criticized
767,criticizing
768,critics
769,cronyism
770,crook
771,crooked
772,crooks
773,crowded
774,crowdedness
775,crude
776,cruel
777,crueler
778,cruelest
779,cruelly
780,cruelness
781,cruelties
782,cruelty
783,crumble
784,crumbling
785,crummy
786,crumple
787,crumpled
788,crumples
789,crush
790,crushed
791,crushing
792,cry
793,culpable
794,culprit
795,cumbersome
796,cunt
797,cunts
798,cuplrit
799,curse
800,cursed
801,curses
802,curt
803,cuss
804,cussed
805,cutthroat
806,cynical
807,cynicism
808,d*mn
809,damage
810,damaged
811,damages
812,damaging
813,damn
814,damnable
815,damnably
816,damnation
817,damned
818,damning
819,damper
820,danger
821,dangerous
822,dangerousness
823,dark
824,darken
825,darkened
826,darker
827,darkness
828,dastard
829,dastardly
830,daunt
831,daunting
832,dauntingly
833,dawdle
834,daze
835,dazed
836,dead
837,deadbeat
838,deadlock
839,deadly
840,deadweight
841,deaf
842,dearth
843,death
844,debacle
845,debase
846,debasement
847,debaser
848,debatable
849,debauch
850,debaucher
851,debauchery
852,debilitate
853,debilitating
854,debility
855,debt
856,debts
857,decadence
858,decadent
859,decay
860,decayed
861,deceit
862,deceitful
863,deceitfully
864,deceitfulness
865,deceive
866,deceiver
867,deceivers
868,deceiving
869,deception
870,deceptive
871,deceptively
872,declaim
873,decline
874,declines
875,declining
876,decrement
877,decrepit
878,decrepitude
879,decry
880,defamation
881,defamations
882,defamatory
883,defame
884,defect
885,defective
886,defects
887,defensive
888,defiance
889,defiant
890,defiantly
891,deficiencies
892,deficiency
893,deficient
894,defile
895,defiler
896,deform
897,deformed
898,defrauding
899,defunct
900,defy
901,degenerate
902,degenerately
903,degeneration
904,degradation
905,degrade
906,degrading
907,degradingly
908,dehumanization
909,dehumanize
910,deign
911,deject
912,dejected
913,dejectedly
914,dejection
915,delay
916,delayed
917,delaying
918,delays
919,delinquency
920,delinquent
921,delirious
922,delirium
923,delude
924,deluded
925,deluge
926,delusion
927,delusional
928,delusions
929,demean
930,demeaning
931,demise
932,demolish
933,demolisher
934,demon
935,demonic
936,demonize
937,demonized
938,demonizes
939,demonizing
940,demoralize
941,demoralizing
942,demoralizingly
943,denial
944,denied
945,denies
946,denigrate
947,denounce
948,dense
949,dent
950,dented
951,dents
952,denunciate
953,denunciation
954,denunciations
955,deny
956,denying
957,deplete
958,deplorable
959,deplorably
960,deplore
961,deploring
962,deploringly
963,deprave
964,depraved
965,depravedly
966,deprecate
967,depress
968,depressed
969,depressing
970,depressingly
971,depression
972,depressions
973,deprive
974,deprived
975,deride
976,derision
977,derisive
978,derisively
979,derisiveness
980,derogatory
981,desecrate
982,desert
983,desertion
984,desiccate
985,desiccated
986,desititute
987,desolate
988,desolately
989,desolation
990,despair
991,despairing
992,despairingly
993,desperate
994,desperately
995,desperation
996,despicable
997,despicably
998,despise
999,despised
1000,despoil
1001,despoiler
1002,despondence
1003,despondency
1004,despondent
1005,despondently
1006,despot
1007,despotic
1008,despotism
1009,destabilisation
1010,destains
1011,destitute
1012,destitution
1013,destroy
1014,destroyer
1015,destruction
1016,destructive
1017,desultory
1018,deter
1019,deteriorate
1020,deteriorating
1021,deterioration
1022,deterrent
1023,detest
1024,detestable
1025,detestably
1026,detested
1027,detesting
1028,detests
1029,detract
1030,detracted
1031,detracting
1032,detraction
1033,detracts
1034,detriment
1035,detrimental
1036,devastate
1037,devastated
1038,devastates
1039,devastating
1040,devastatingly
1041,devastation
1042,deviate
1043,deviation
1044,devil
1045,devilish
1046,devilishly
1047,devilment
1048,devilry
1049,devious
1050,deviously
1051,deviousness
1052,devoid
1053,diabolic
1054,diabolical
1055,diabolically
1056,diametrically
1057,diappointed
1058,diatribe
1059,diatribes
1060,dick
1061,dictator
1062,dictatorial
1063,die
1064,die-hard
1065,died
1066,dies
1067,difficult
1068,difficulties
1069,difficulty
1070,diffidence
1071,dilapidated
1072,dilemma
1073,dilly-dally
1074,dim
1075,dimmer
1076,din
1077,ding
1078,dings
1079,dinky
1080,dire
1081,direly
1082,direness
1083,dirt
1084,dirtbag
1085,dirtbags
1086,dirts
1087,dirty
1088,disable
1089,disabled
1090,disaccord
1091,disadvantage
1092,disadvantaged
1093,disadvantageous
1094,disadvantages
1095,disaffect
1096,disaffected
1097,disaffirm
1098,disagree
1099,disagreeable
1100,disagreeably
1101,disagreed
1102,disagreeing
1103,disagreement
1104,disagrees
1105,disallow
1106,disapointed
1107,disapointing
1108,disapointment
1109,disappoint
1110,disappointed
1111,disappointing
1112,disappointingly
1113,disappointment
1114,disappointments
1115,disappoints
1116,disapprobation
1117,disapproval
1118,disapprove
1119,disapproving
1120,disarm
1121,disarray
1122,disaster
1123,disasterous
1124,disastrous
1125,disastrously
1126,disavow
1127,disavowal
1128,disbelief
1129,disbelieve
1130,disbeliever
1131,disclaim
1132,discombobulate
1133,discomfit
1134,discomfititure
1135,discomfort
1136,discompose
1137,disconcert
1138,disconcerted
1139,disconcerting
1140,disconcertingly
1141,disconsolate
1142,disconsolately
1143,disconsolation
1144,discontent
1145,discontented
1146,discontentedly
1147,discontinued
1148,discontinuity
1149,discontinuous
1150,discord
1151,discordance
1152,discordant
1153,discountenance
1154,discourage
1155,discouragement
1156,discouraging
1157,discouragingly
1158,discourteous
1159,discourteously
1160,discoutinous
1161,discredit
1162,discrepant
1163,discriminate
1164,discrimination
1165,discriminatory
1166,disdain
1167,disdained
1168,disdainful
1169,disdainfully
1170,disfavor
1171,disgrace
1172,disgraced
1173,disgraceful
1174,disgracefully
1175,disgruntle
1176,disgruntled
1177,disgust
1178,disgusted
1179,disgustedly
1180,disgustful
1181,disgustfully
1182,disgusting
1183,disgustingly
1184,dishearten
1185,disheartening
1186,dishearteningly
1187,dishonest
1188,dishonestly
1189,dishonesty
1190,dishonor
1191,dishonorable
1192,dishonorablely
1193,disillusion
1194,disillusioned
1195,disillusionment
1196,disillusions
1197,disinclination
1198,disinclined
1199,disingenuous
1200,disingenuously
1201,disintegrate
1202,disintegrated
1203,disintegrates
1204,disintegration
1205,disinterest
1206,disinterested
1207,dislike
1208,disliked
1209,dislikes
1210,disliking
1211,dislocated
1212,disloyal
1213,disloyalty
1214,dismal
1215,dismally
1216,dismalness
1217,dismay
1218,dismayed
1219,dismaying
1220,dismayingly
1221,dismissive
1222,dismissively
1223,disobedience
1224,disobedient
1225,disobey
1226,disoobedient
1227,disorder
1228,disordered
1229,disorderly
1230,disorganized
1231,disorient
1232,disoriented
1233,disown
1234,disparage
1235,disparaging
1236,disparagingly
1237,dispensable
1238,dispirit
1239,dispirited
1240,dispiritedly
1241,dispiriting
1242,displace
1243,displaced
1244,displease
1245,displeased
1246,displeasing
1247,displeasure
1248,disproportionate
1249,disprove
1250,disputable
1251,dispute
1252,disputed
1253,disquiet
1254,disquieting
1255,disquietingly
1256,disquietude
1257,disregard
1258,disregardful
1259,disreputable
1260,disrepute
1261,disrespect
1262,disrespectable
1263,disrespectablity
1264,disrespectful
1265,disrespectfully
1266,disrespectfulness
1267,disrespecting
1268,disrupt
1269,disruption
1270,disruptive
1271,diss
1272,dissapointed
1273,dissappointed
1274,dissappointing
1275,dissatisfaction
1276,dissatisfactory
1277,dissatisfied
1278,dissatisfies
1279,dissatisfy
1280,dissatisfying
1281,dissed
1282,dissemble
1283,dissembler
1284,dissension
1285,dissent
1286,dissenter
1287,dissention
1288,disservice
1289,disses
1290,dissidence
1291,dissident
1292,dissidents
1293,dissing
1294,dissocial
1295,dissolute
1296,dissolution
1297,dissonance
1298,dissonant
1299,dissonantly
1300,dissuade
1301,dissuasive
1302,distains
1303,distaste
1304,distasteful
1305,distastefully
1306,distort
1307,distorted
1308,distortion
1309,distorts
1310,distract
1311,distracting
1312,distraction
1313,distraught
1314,distraughtly
1315,distraughtness
1316,distress
1317,distressed
1318,distressing
1319,distressingly
1320,distrust
1321,distrustful
1322,distrusting
1323,disturb
1324,disturbance
1325,disturbed
1326,disturbing
1327,disturbingly
1328,disunity
1329,disvalue
1330,divergent
1331,divisive
1332,divisively
1333,divisiveness
1334,dizzing
1335,dizzingly
1336,dizzy
1337,doddering
1338,dodgey
1339,dogged
1340,doggedly
1341,dogmatic
1342,doldrums
1343,domineer
1344,domineering
1345,donside
1346,doom
1347,doomed
1348,doomsday
1349,dope
1350,doubt
1351,doubtful
1352,doubtfully
1353,doubts
1354,douchbag
1355,douchebag
1356,douchebags
1357,downbeat
1358,downcast
1359,downer
1360,downfall
1361,downfallen
1362,downgrade
1363,downhearted
1364,downheartedly
1365,downhill
1366,downside
1367,downsides
1368,downturn
1369,downturns
1370,drab
1371,draconian
1372,draconic
1373,drag
1374,dragged
1375,dragging
1376,dragoon
1377,drags
1378,drain
1379,drained
1380,draining
1381,drains
1382,drastic
1383,drastically
1384,drawback
1385,drawbacks
1386,dread
1387,dreadful
1388,dreadfully
1389,dreadfulness
1390,dreary
1391,dripped
1392,dripping
1393,drippy
1394,drips
1395,drones
1396,droop
1397,droops
1398,drop-out
1399,drop-outs
1400,dropout
1401,dropouts
1402,drought
1403,drowning
1404,drunk
1405,drunkard
1406,drunken
1407,dubious
1408,dubiously
1409,dubitable
1410,dud
1411,dull
1412,dullard
1413,dumb
1414,dumbfound
1415,dump
1416,dumped
1417,dumping
1418,dumps
1419,dunce
1420,dungeon
1421,dungeons
1422,dupe
1423,dust
1424,dusty
1425,dwindling
1426,dying
1427,earsplitting
1428,eccentric
1429,eccentricity
1430,effigy
1431,effrontery
1432,egocentric
1433,egomania
1434,egotism
1435,egotistical
1436,egotistically
1437,egregious
1438,egregiously
1439,election-rigger
1440,elimination
1441,emaciated
1442,emasculate
1443,embarrass
1444,embarrassing
1445,embarrassingly
1446,embarrassment
1447,embattled
1448,embroil
1449,embroiled
1450,embroilment
1451,emergency
1452,emphatic
1453,emphatically
1454,emptiness
1455,encroach
1456,encroachment
1457,endanger
1458,enemies
1459,enemy
1460,enervate
1461,enfeeble
1462,enflame
1463,engulf
1464,enjoin
1465,enmity
1466,enrage
1467,enraged
1468,enraging
1469,enslave
1470,entangle
1471,entanglement
1472,entrap
1473,entrapment
1474,envious
1475,enviously
1476,enviousness
1477,epidemic
1478,equivocal
1479,erase
1480,erode
1481,erodes
1482,erosion
1483,err
1484,errant
1485,erratic
1486,erratically
1487,erroneous
1488,erroneously
1489,error
1490,errors
1491,eruptions
1492,escapade
1493,eschew
1494,estranged
1495,evade
1496,evasion
1497,evasive
1498,evil
1499,evildoer
1500,evils
1501,eviscerate
1502,exacerbate
1503,exagerate
1504,exagerated
1505,exagerates
1506,exaggerate
1507,exaggeration
1508,exasperate
1509,exasperated
1510,exasperating
1511,exasperatingly
1512,exasperation
1513,excessive
1514,excessively
1515,exclusion
1516,excoriate
1517,excruciating
1518,excruciatingly
1519,excuse
1520,excuses
1521,execrate
1522,exhaust
1523,exhausted
1524,exhaustion
1525,exhausts
1526,exhorbitant
1527,exhort
1528,exile
1529,exorbitant
1530,exorbitantance
1531,exorbitantly
1532,expel
1533,expensive
1534,expire
1535,expired
1536,explode
1537,exploit
1538,exploitation
1539,explosive
1540,expropriate
1541,expropriation
1542,expulse
1543,expunge
1544,exterminate
1545,extermination
1546,extinguish
1547,extort
1548,extortion
1549,extraneous
1550,extravagance
1551,extravagant
1552,extravagantly
1553,extremism
1554,extremist
1555,extremists
1556,eyesore
1557,f**k
1558,fabricate
1559,fabrication
1560,facetious
1561,facetiously
1562,fail
1563,failed
1564,failing
1565,fails
1566,failure
1567,failures
1568,faint
1569,fainthearted
1570,faithless
1571,fake
1572,fall
1573,fallacies
1574,fallacious
1575,fallaciously
1576,fallaciousness
1577,fallacy
1578,fallen
1579,falling
1580,fallout
1581,falls
1582,FALSE
1583,falsehood
1584,falsely
1585,falsify
1586,falter
1587,faltered
1588,famine
1589,famished
1590,fanatic
1591,fanatical
1592,fanatically
1593,fanaticism
1594,fanatics
1595,fanciful
1596,far-fetched
1597,farce
1598,farcical
1599,farcical-yet-provocative
1600,farcically
1601,farfetched
1602,fascism
1603,fascist
1604,fastidious
1605,fastidiously
1606,fastuous
1607,fat
1608,fat-cat
1609,fat-cats
1610,fatal
1611,fatalistic
1612,fatalistically
1613,fatally
1614,fatcat
1615,fatcats
1616,fateful
1617,fatefully
1618,fathomless
1619,fatigue
1620,fatigued
1621,fatique
1622,fatty
1623,fatuity
1624,fatuous
1625,fatuously
1626,fault
1627,faults
1628,faulty
1629,fawningly
1630,faze
1631,fear
1632,fearful
1633,fearfully
1634,fears
1635,fearsome
1636,feckless
1637,feeble
1638,feeblely
1639,feebleminded
1640,feign
1641,feint
1642,fell
1643,felon
1644,felonious
1645,ferociously
1646,ferocity
1647,fetid
1648,fever
1649,feverish
1650,fevers
1651,fiasco
1652,fib
1653,fibber
1654,fickle
1655,fiction
1656,fictional
1657,fictitious
1658,fidget
1659,fidgety
1660,fiend
1661,fiendish
1662,fierce
1663,figurehead
1664,filth
1665,filthy
1666,finagle
1667,finicky
1668,fissures
1669,fist
1670,flabbergast
1671,flabbergasted
1672,flagging
1673,flagrant
1674,flagrantly
1675,flair
1676,flairs
1677,flak
1678,flake
1679,flakey
1680,flakieness
1681,flaking
1682,flaky
1683,flare
1684,flares
1685,flareup
1686,flareups
1687,flat-out
1688,flaunt
1689,flaw
1690,flawed
1691,flaws
1692,flee
1693,fleed
1694,fleeing
1695,fleer
1696,flees
1697,fleeting
1698,flicering
1699,flicker
1700,flickering
1701,flickers
1702,flighty
1703,flimflam
1704,flimsy
1705,flirt
1706,flirty
1707,floored
1708,flounder
1709,floundering
1710,flout
1711,fluster
1712,foe
1713,fool
1714,fooled
1715,foolhardy
1716,foolish
1717,foolishly
1718,foolishness
1719,forbid
1720,forbidden
1721,forbidding
1722,forceful
1723,foreboding
1724,forebodingly
1725,forfeit
1726,forged
1727,forgetful
1728,forgetfully
1729,forgetfulness
1730,forlorn
1731,forlornly
1732,forsake
1733,forsaken
1734,forswear
1735,foul
1736,foully
1737,foulness
1738,fractious
1739,fractiously
1740,fracture
1741,fragile
1742,fragmented
1743,frail
1744,frantic
1745,frantically
1746,franticly
1747,fraud
1748,fraudulent
1749,fraught
1750,frazzle
1751,frazzled
1752,freak
1753,freaking
1754,freakish
1755,freakishly
1756,freaks
1757,freeze
1758,freezes
1759,freezing
1760,frenetic
1761,frenetically
1762,frenzied
1763,frenzy
1764,fret
1765,fretful
1766,frets
1767,friction
1768,frictions
1769,fried
1770,friggin
1771,frigging
1772,fright
1773,frighten
1774,frightening
1775,frighteningly
1776,frightful
1777,frightfully
1778,frigid
1779,frost
1780,frown
1781,froze
1782,frozen
1783,fruitless
1784,fruitlessly
1785,frustrate
1786,frustrated
1787,frustrates
1788,frustrating
1789,frustratingly
1790,frustration
1791,frustrations
1792,fuck
1793,fucking
1794,fudge
1795,fugitive
1796,full-blown
1797,fulminate
1798,fumble
1799,fume
1800,fumes
1801,fundamentalism
1802,funky
1803,funnily
1804,funny
1805,furious
1806,furiously
1807,furor
1808,fury
1809,fuss
1810,fussy
1811,fustigate
1812,fusty
1813,futile
1814,futilely
1815,futility
1816,fuzzy
1817,gabble
1818,gaff
1819,gaffe
1820,gainsay
1821,gainsayer
1822,gall
1823,galling
1824,gallingly
1825,galls
1826,gangster
1827,gape
1828,garbage
1829,garish
1830,gasp
1831,gauche
1832,gaudy
1833,gawk
1834,gawky
1835,geezer
1836,genocide
1837,get-rich
1838,ghastly
1839,ghetto
1840,ghosting
1841,gibber
1842,gibberish
1843,gibe
1844,giddy
1845,gimmick
1846,gimmicked
1847,gimmicking
1848,gimmicks
1849,gimmicky
1850,glare
1851,glaringly
1852,glib
1853,glibly
1854,glitch
1855,glitches
1856,gloatingly
1857,gloom
1858,gloomy
1859,glower
1860,glum
1861,glut
1862,gnawing
1863,goad
1864,goading
1865,god-awful
1866,goof
1867,goofy
1868,goon
1869,gossip
1870,graceless
1871,gracelessly
1872,graft
1873,grainy
1874,grapple
1875,grate
1876,grating
1877,gravely
1878,greasy
1879,greed
1880,greedy
1881,grief
1882,grievance
1883,grievances
1884,grieve
1885,grieving
1886,grievous
1887,grievously
1888,grim
1889,grimace
1890,grind
1891,gripe
1892,gripes
1893,grisly
1894,gritty
1895,gross
1896,grossly
1897,grotesque
1898,grouch
1899,grouchy
1900,groundless
1901,grouse
1902,growl
1903,grudge
1904,grudges
1905,grudging
1906,grudgingly
1907,gruesome
1908,gruesomely
1909,gruff
1910,grumble
1911,grumpier
1912,grumpiest
1913,grumpily
1914,grumpish
1915,grumpy
1916,guile
1917,guilt
1918,guiltily
1919,guilty
1920,gullible
1921,gutless
1922,gutter
1923,hack
1924,hacks
1925,haggard
1926,haggle
1927,hairloss
1928,halfhearted
1929,halfheartedly
1930,hallucinate
1931,hallucination
1932,hamper
1933,hampered
1934,handicapped
1935,hang
1936,hangs
1937,haphazard
1938,hapless
1939,harangue
1940,harass
1941,harassed
1942,harasses
1943,harassment
1944,harboring
1945,harbors
1946,hard
1947,hard-hit
1948,hard-line
1949,hard-liner
1950,hardball
1951,harden
1952,hardened
1953,hardheaded
1954,hardhearted
1955,hardliner
1956,hardliners
1957,hardship
1958,hardships
1959,harm
1960,harmed
1961,harmful
1962,harms
1963,harpy
1964,harridan
1965,harried
1966,harrow
1967,harsh
1968,harshly
1969,hasseling
1970,hassle
1971,hassled
1972,hassles
1973,haste
1974,hastily
1975,hasty
1976,hate
1977,hated
1978,hateful
1979,hatefully
1980,hatefulness
1981,hater
1982,haters
1983,hates
1984,hating
1985,hatred
1986,haughtily
1987,haughty
1988,haunt
1989,haunting
1990,havoc
1991,hawkish
1992,haywire
1993,hazard
1994,hazardous
1995,haze
1996,hazy
1997,head-aches
1998,headache
1999,headaches
2000,heartbreaker
2001,heartbreaking
2002,heartbreakingly
2003,heartless
2004,heathen
2005,heavy-handed
2006,heavyhearted
2007,heck
2008,heckle
2009,heckled
2010,heckles
2011,hectic
2012,hedge
2013,hedonistic
2014,heedless
2015,hefty
2016,hegemonism
2017,hegemonistic
2018,hegemony
2019,heinous
2020,hell
2021,hell-bent
2022,hellion
2023,hells
2024,helpless
2025,helplessly
2026,helplessness
2027,heresy
2028,heretic
2029,heretical
2030,hesitant
2031,hestitant
2032,hideous
2033,hideously
2034,hideousness
2035,high-priced
2036,hiliarious
2037,hinder
2038,hindrance
2039,hiss
2040,hissed
2041,hissing
2042,ho-hum
2043,hoard
2044,hoax
2045,hobble
2046,hogs
2047,hollow
2048,hoodium
2049,hoodwink
2050,hooligan
2051,hopeless
2052,hopelessly
2053,hopelessness
2054,horde
2055,horrendous
2056,horrendously
2057,horrible
2058,horrid
2059,horrific
2060,horrified
2061,horrifies
2062,horrify
2063,horrifying
2064,horrifys
2065,hostage
2066,hostile
2067,hostilities
2068,hostility
2069,hotbeds
2070,hothead
2071,hotheaded
2072,hothouse
2073,hubris
2074,huckster
2075,hum
2076,humid
2077,humiliate
2078,humiliating
2079,humiliation
2080,humming
2081,hung
2082,hurt
2083,hurted
2084,hurtful
2085,hurting
2086,hurts
2087,hustler
2088,hype
2089,hypocricy
2090,hypocrisy
2091,hypocrite
2092,hypocrites
2093,hypocritical
2094,hypocritically
2095,hysteria
2096,hysteric
2097,hysterical
2098,hysterically
2099,hysterics
2100,idiocies
2101,idiocy
2102,idiot
2103,idiotic
2104,idiotically
2105,idiots
2106,idle
2107,ignoble
2108,ignominious
2109,ignominiously
2110,ignominy
2111,ignorance
2112,ignorant
2113,ignore
2114,ill-advised
2115,ill-conceived
2116,ill-defined
2117,ill-designed
2118,ill-fated
2119,ill-favored
2120,ill-formed
2121,ill-mannered
2122,ill-natured
2123,ill-sorted
2124,ill-tempered
2125,ill-treated
2126,ill-treatment
2127,ill-usage
2128,ill-used
2129,illegal
2130,illegally
2131,illegitimate
2132,illicit
2133,illiterate
2134,illness
2135,illogic
2136,illogical
2137,illogically
2138,illusion
2139,illusions
2140,illusory
2141,imaginary
2142,imbalance
2143,imbecile
2144,imbroglio
2145,immaterial
2146,immature
2147,imminence
2148,imminently
2149,immobilized
2150,immoderate
2151,immoderately
2152,immodest
2153,immoral
2154,immorality
2155,immorally
2156,immovable
2157,impair
2158,impaired
2159,impasse
2160,impatience
2161,impatient
2162,impatiently
2163,impeach
2164,impedance
2165,impede
2166,impediment
2167,impending
2168,impenitent
2169,imperfect
2170,imperfection
2171,imperfections
2172,imperfectly
2173,imperialist
2174,imperil
2175,imperious
2176,imperiously
2177,impermissible
2178,impersonal
2179,impertinent
2180,impetuous
2181,impetuously
2182,impiety
2183,impinge
2184,impious
2185,implacable
2186,implausible
2187,implausibly
2188,implicate
2189,implication
2190,implode
2191,impolite
2192,impolitely
2193,impolitic
2194,importunate
2195,importune
2196,impose
2197,imposers
2198,imposing
2199,imposition
2200,impossible
2201,impossiblity
2202,impossibly
2203,impotent
2204,impoverish
2205,impoverished
2206,impractical
2207,imprecate
2208,imprecise
2209,imprecisely
2210,imprecision
2211,imprison
2212,imprisonment
2213,improbability
2214,improbable
2215,improbably
2216,improper
2217,improperly
2218,impropriety
2219,imprudence
2220,imprudent
2221,impudence
2222,impudent
2223,impudently
2224,impugn
2225,impulsive
2226,impulsively
2227,impunity
2228,impure
2229,impurity
2230,inability
2231,inaccuracies
2232,inaccuracy
2233,inaccurate
2234,inaccurately
2235,inaction
2236,inactive
2237,inadequacy
2238,inadequate
2239,inadequately
2240,inadverent
2241,inadverently
2242,inadvisable
2243,inadvisably
2244,inane
2245,inanely
2246,inappropriate
2247,inappropriately
2248,inapt
2249,inaptitude
2250,inarticulate
2251,inattentive
2252,inaudible
2253,incapable
2254,incapably
2255,incautious
2256,incendiary
2257,incense
2258,incessant
2259,incessantly
2260,incite
2261,incitement
2262,incivility
2263,inclement
2264,incognizant
2265,incoherence
2266,incoherent
2267,incoherently
2268,incommensurate
2269,incomparable
2270,incomparably
2271,incompatability
2272,incompatibility
2273,incompatible
2274,incompetence
2275,incompetent
2276,incompetently
2277,incomplete
2278,incompliant
2279,incomprehensible
2280,incomprehension
2281,inconceivable
2282,inconceivably
2283,incongruous
2284,incongruously
2285,inconsequent
2286,inconsequential
2287,inconsequentially
2288,inconsequently
2289,inconsiderate
2290,inconsiderately
2291,inconsistence
2292,inconsistencies
2293,inconsistency
2294,inconsistent
2295,inconsolable
2296,inconsolably
2297,inconstant
2298,inconvenience
2299,inconveniently
2300,incorrect
2301,incorrectly
2302,incorrigible
2303,incorrigibly
2304,incredulous
2305,incredulously
2306,inculcate
2307,indecency
2308,indecent
2309,indecently
2310,indecision
2311,indecisive
2312,indecisively
2313,indecorum
2314,indefensible
2315,indelicate
2316,indeterminable
2317,indeterminably
2318,indeterminate
2319,indifference
2320,indifferent
2321,indigent
2322,indignant
2323,indignantly
2324,indignation
2325,indignity
2326,indiscernible
2327,indiscreet
2328,indiscreetly
2329,indiscretion
2330,indiscriminate
2331,indiscriminately
2332,indiscriminating
2333,indistinguishable
2334,indoctrinate
2335,indoctrination
2336,indolent
2337,indulge
2338,ineffective
2339,ineffectively
2340,ineffectiveness
2341,ineffectual
2342,ineffectually
2343,ineffectualness
2344,inefficacious
2345,inefficacy
2346,inefficiency
2347,inefficient
2348,inefficiently
2349,inelegance
2350,inelegant
2351,ineligible
2352,ineloquent
2353,ineloquently
2354,inept
2355,ineptitude
2356,ineptly
2357,inequalities
2358,inequality
2359,inequitable
2360,inequitably
2361,inequities
2362,inescapable
2363,inescapably
2364,inessential
2365,inevitable
2366,inevitably
2367,inexcusable
2368,inexcusably
2369,inexorable
2370,inexorably
2371,inexperience
2372,inexperienced
2373,inexpert
2374,inexpertly
2375,inexpiable
2376,inexplainable
2377,inextricable
2378,inextricably
2379,infamous
2380,infamously
2381,infamy
2382,infected
2383,infection
2384,infections
2385,inferior
2386,inferiority
2387,infernal
2388,infest
2389,infested
2390,infidel
2391,infidels
2392,infiltrator
2393,infiltrators
2394,infirm
2395,inflame
2396,inflammation
2397,inflammatory
2398,inflammed
2399,inflated
2400,inflationary
2401,inflexible
2402,inflict
2403,infraction
2404,infringe
2405,infringement
2406,infringements
2407,infuriate
2408,infuriated
2409,infuriating
2410,infuriatingly
2411,inglorious
2412,ingrate
2413,ingratitude
2414,inhibit
2415,inhibition
2416,inhospitable
2417,inhospitality
2418,inhuman
2419,inhumane
2420,inhumanity
2421,inimical
2422,inimically
2423,iniquitous
2424,iniquity
2425,injudicious
2426,injure
2427,injurious
2428,injury
2429,injustice
2430,injustices
2431,innuendo
2432,inoperable
2433,inopportune
2434,inordinate
2435,inordinately
2436,insane
2437,insanely
2438,insanity
2439,insatiable
2440,insecure
2441,insecurity
2442,insensible
2443,insensitive
2444,insensitively
2445,insensitivity
2446,insidious
2447,insidiously
2448,insignificance
2449,insignificant
2450,insignificantly
2451,insincere
2452,insincerely
2453,insincerity
2454,insinuate
2455,insinuating
2456,insinuation
2457,insociable
2458,insolence
2459,insolent
2460,insolently
2461,insolvent
2462,insouciance
2463,instability
2464,instable
2465,instigate
2466,instigator
2467,instigators
2468,insubordinate
2469,insubstantial
2470,insubstantially
2471,insufferable
2472,insufferably
2473,insufficiency
2474,insufficient
2475,insufficiently
2476,insular
2477,insult
2478,insulted
2479,insulting
2480,insultingly
2481,insults
2482,insupportable
2483,insupportably
2484,insurmountable
2485,insurmountably
2486,insurrection
2487,intefere
2488,inteferes
2489,intense
2490,interfere
2491,interference
2492,interferes
2493,intermittent
2494,interrupt
2495,interruption
2496,interruptions
2497,intimidate
2498,intimidating
2499,intimidatingly
2500,intimidation
2501,intolerable
2502,intolerablely
2503,intolerance
2504,intoxicate
2505,intractable
2506,intransigence
2507,intransigent
2508,intrude
2509,intrusion
2510,intrusive
2511,inundate
2512,inundated
2513,invader
2514,invalid
2515,invalidate
2516,invalidity
2517,invasive
2518,invective
2519,inveigle
2520,invidious
2521,invidiously
2522,invidiousness
2523,invisible
2524,involuntarily
2525,involuntary
2526,irascible
2527,irate
2528,irately
2529,ire
2530,irk
2531,irked
2532,irking
2533,irks
2534,irksome
2535,irksomely
2536,irksomeness
2537,irksomenesses
2538,ironic
2539,ironical
2540,ironically
2541,ironies
2542,irony
2543,irragularity
2544,irrational
2545,irrationalities
2546,irrationality
2547,irrationally
2548,irrationals
2549,irreconcilable
2550,irrecoverable
2551,irrecoverableness
2552,irrecoverablenesses
2553,irrecoverably
2554,irredeemable
2555,irredeemably
2556,irreformable
2557,irregular
2558,irregularity
2559,irrelevance
2560,irrelevant
2561,irreparable
2562,irreplacible
2563,irrepressible
2564,irresolute
2565,irresolvable
2566,irresponsible
2567,irresponsibly
2568,irretating
2569,irretrievable
2570,irreversible
2571,irritable
2572,irritably
2573,irritant
2574,irritate
2575,irritated
2576,irritating
2577,irritation
2578,irritations
2579,isolate
2580,isolated
2581,isolation
2582,issue
2583,issues
2584,itch
2585,itching
2586,itchy
2587,jabber
2588,jaded
2589,jagged
2590,jam
2591,jarring
2592,jaundiced
2593,jealous
2594,jealously
2595,jealousness
2596,jealousy
2597,jeer
2598,jeering
2599,jeeringly
2600,jeers
2601,jeopardize
2602,jeopardy
2603,jerk
2604,jerky
2605,jitter
2606,jitters
2607,jittery
2608,job-killing
2609,jobless
2610,joke
2611,joker
2612,jolt
2613,judder
2614,juddering
2615,judders
2616,jumpy
2617,junk
2618,junky
2619,junkyard
2620,jutter
2621,jutters
2622,kaput
2623,kill
2624,killed
2625,killer
2626,killing
2627,killjoy
2628,kills
2629,knave
2630,knife
2631,knock
2632,knotted
2633,kook
2634,kooky
2635,lack
2636,lackadaisical
2637,lacked
2638,lackey
2639,lackeys
2640,lacking
2641,lackluster
2642,lacks
2643,laconic
2644,lag
2645,lagged
2646,lagging
2647,laggy
2648,lags
2649,laid-off
2650,lambast
2651,lambaste
2652,lame
2653,lame-duck
2654,lament
2655,lamentable
2656,lamentably
2657,languid
2658,languish
2659,languor
2660,languorous
2661,languorously
2662,lanky
2663,lapse
2664,lapsed
2665,lapses
2666,lascivious
2667,last-ditch
2668,latency
2669,laughable
2670,laughably
2671,laughingstock
2672,lawbreaker
2673,lawbreaking
2674,lawless
2675,lawlessness
2676,layoff
2677,layoff-happy
2678,lazy
2679,leak
2680,leakage
2681,leakages
2682,leaking
2683,leaks
2684,leaky
2685,lech
2686,lecher
2687,lecherous
2688,lechery
2689,leech
2690,leer
2691,leery
2692,left-leaning
2693,lemon
2694,lengthy
2695,less-developed
2696,lesser-known
2697,letch
2698,lethal
2699,lethargic
2700,lethargy
2701,lewd
2702,lewdly
2703,lewdness
2704,liability
2705,liable
2706,liar
2707,liars
2708,licentious
2709,licentiously
2710,licentiousness
2711,lie
2712,lied
2713,lier
2714,lies
2715,life-threatening
2716,lifeless
2717,limit
2718,limitation
2719,limitations
2720,limited
2721,limits
2722,limp
2723,listless
2724,litigious
2725,little-known
2726,livid
2727,lividly
2728,loath
2729,loathe
2730,loathing
2731,loathly
2732,loathsome
2733,loathsomely
2734,lone
2735,loneliness
2736,lonely
2737,loner
2738,lonesome
2739,long-time
2740,long-winded
2741,longing
2742,longingly
2743,loophole
2744,loopholes
2745,loose
2746,loot
2747,lorn
2748,lose
2749,loser
2750,losers
2751,loses
2752,losing
2753,loss
2754,losses
2755,lost
2756,loud
2757,louder
2758,lousy
2759,loveless
2760,lovelorn
2761,low-rated
2762,lowly
2763,ludicrous
2764,ludicrously
2765,lugubrious
2766,lukewarm
2767,lull
2768,lumpy
2769,lunatic
2770,lunaticism
2771,lurch
2772,lure
2773,lurid
2774,lurk
2775,lurking
2776,lying
2777,macabre
2778,mad
2779,madden
2780,maddening
2781,maddeningly
2782,madder
2783,madly
2784,madman
2785,madness
2786,maladjusted
2787,maladjustment
2788,malady
2789,malaise
2790,malcontent
2791,malcontented
2792,maledict
2793,malevolence
2794,malevolent
2795,malevolently
2796,malice
2797,malicious
2798,maliciously
2799,maliciousness
2800,malign
2801,malignant
2802,malodorous
2803,maltreatment
2804,mangle
2805,mangled
2806,mangles
2807,mangling
2808,mania
2809,maniac
2810,maniacal
2811,manic
2812,manipulate
2813,manipulation
2814,manipulative
2815,manipulators
2816,mar
2817,marginal
2818,marginally
2819,martyrdom
2820,martyrdom-seeking
2821,mashed
2822,massacre
2823,massacres
2824,matte
2825,mawkish
2826,mawkishly
2827,mawkishness
2828,meager
2829,meaningless
2830,meanness
2831,measly
2832,meddle
2833,meddlesome
2834,mediocre
2835,mediocrity
2836,melancholy
2837,melodramatic
2838,melodramatically
2839,meltdown
2840,menace
2841,menacing
2842,menacingly
2843,mendacious
2844,mendacity
2845,menial
2846,merciless
2847,mercilessly
2848,mess
2849,messed
2850,messes
2851,messing
2852,messy
2853,midget
2854,miff
2855,militancy
2856,mindless
2857,mindlessly
2858,mirage
2859,mire
2860,misalign
2861,misaligned
2862,misaligns
2863,misapprehend
2864,misbecome
2865,misbecoming
2866,misbegotten
2867,misbehave
2868,misbehavior
2869,miscalculate
2870,miscalculation
2871,miscellaneous
2872,mischief
2873,mischievous
2874,mischievously
2875,misconception
2876,misconceptions
2877,miscreant
2878,miscreants
2879,misdirection
2880,miser
2881,miserable
2882,miserableness
2883,miserably
2884,miseries
2885,miserly
2886,misery
2887,misfit
2888,misfortune
2889,misgiving
2890,misgivings
2891,misguidance
2892,misguide
2893,misguided
2894,mishandle
2895,mishap
2896,misinform
2897,misinformed
2898,misinterpret
2899,misjudge
2900,misjudgment
2901,mislead
2902,misleading
2903,misleadingly
2904,mislike
2905,mismanage
2906,mispronounce
2907,mispronounced
2908,mispronounces
2909,misread
2910,misreading
2911,misrepresent
2912,misrepresentation
2913,miss
2914,missed
2915,misses
2916,misstatement
2917,mist
2918,mistake
2919,mistaken
2920,mistakenly
2921,mistakes
2922,mistified
2923,mistress
2924,mistrust
2925,mistrustful
2926,mistrustfully
2927,mists
2928,misunderstand
2929,misunderstanding
2930,misunderstandings
2931,misunderstood
2932,misuse
2933,moan
2934,mobster
2935,mock
2936,mocked
2937,mockeries
2938,mockery
2939,mocking
2940,mockingly
2941,mocks
2942,molest
2943,molestation
2944,monotonous
2945,monotony
2946,monster
2947,monstrosities
2948,monstrosity
2949,monstrous
2950,monstrously
2951,moody
2952,moot
2953,mope
2954,morbid
2955,morbidly
2956,mordant
2957,mordantly
2958,moribund
2959,moron
2960,moronic
2961,morons
2962,mortification
2963,mortified
2964,mortify
2965,mortifying
2966,motionless
2967,motley
2968,mourn
2969,mourner
2970,mournful
2971,mournfully
2972,muddle
2973,muddy
2974,mudslinger
2975,mudslinging
2976,mulish
2977,multi-polarization
2978,mundane
2979,murder
2980,murderer
2981,murderous
2982,murderously
2983,murky
2984,muscle-flexing
2985,mushy
2986,musty
2987,mysterious
2988,mysteriously
2989,mystery
2990,mystify
2991,myth
2992,nag
2993,nagging
2994,naive
2995,naively
2996,narrower
2997,nastily
2998,nastiness
2999,nasty
3000,naughty
3001,nauseate
3002,nauseates
3003,nauseating
3004,nauseatingly
3005,naé£—e
3006,nebulous
3007,nebulously
3008,needless
3009,needlessly
3010,needy
3011,nefarious
3012,nefariously
3013,negate
3014,negation
3015,negative
3016,negatives
3017,negativity
3018,neglect
3019,neglected
3020,negligence
3021,negligent
3022,nemesis
3023,nepotism
3024,nervous
3025,nervously
3026,nervousness
3027,nettle
3028,nettlesome
3029,neurotic
3030,neurotically
3031,niggle
3032,niggles
3033,nightmare
3034,nightmarish
3035,nightmarishly
3036,nitpick
3037,nitpicking
3038,noise
3039,noises
3040,noisier
3041,noisy
3042,non-confidence
3043,nonexistent
3044,nonresponsive
3045,nonsense
3046,nosey
3047,notoriety
3048,notorious
3049,notoriously
3050,noxious
3051,nuisance
3052,numb
3053,obese
3054,object
3055,objection
3056,objectionable
3057,objections
3058,oblique
3059,obliterate
3060,obliterated
3061,oblivious
3062,obnoxious
3063,obnoxiously
3064,obscene
3065,obscenely
3066,obscenity
3067,obscure
3068,obscured
3069,obscures
3070,obscurity
3071,obsess
3072,obsessive
3073,obsessively
3074,obsessiveness
3075,obsolete
3076,obstacle
3077,obstinate
3078,obstinately
3079,obstruct
3080,obstructed
3081,obstructing
3082,obstruction
3083,obstructs
3084,obtrusive
3085,obtuse
3086,occlude
3087,occluded
3088,occludes
3089,occluding
3090,odd
3091,odder
3092,oddest
3093,oddities
3094,oddity
3095,oddly
3096,odor
3097,offence
3098,offend
3099,offender
3100,offending
3101,offenses
3102,offensive
3103,offensively
3104,offensiveness
3105,officious
3106,ominous
3107,ominously
3108,omission
3109,omit
3110,one-sided
3111,onerous
3112,onerously
3113,onslaught
3114,opinionated
3115,opponent
3116,opportunistic
3117,oppose
3118,opposition
3119,oppositions
3120,oppress
3121,oppression
3122,oppressive
3123,oppressively
3124,oppressiveness
3125,oppressors
3126,ordeal
3127,orphan
3128,ostracize
3129,outbreak
3130,outburst
3131,outbursts
3132,outcast
3133,outcry
3134,outlaw
3135,outmoded
3136,outrage
3137,outraged
3138,outrageous
3139,outrageously
3140,outrageousness
3141,outrages
3142,outsider
3143,over-acted
3144,over-awe
3145,over-balanced
3146,over-hyped
3147,over-priced
3148,over-valuation
3149,overact
3150,overacted
3151,overawe
3152,overbalance
3153,overbalanced
3154,overbearing
3155,overbearingly
3156,overblown
3157,overdo
3158,overdone
3159,overdue
3160,overemphasize
3161,overheat
3162,overkill
3163,overloaded
3164,overlook
3165,overpaid
3166,overpayed
3167,overplay
3168,overpower
3169,overpriced
3170,overrated
3171,overreach
3172,overrun
3173,overshadow
3174,oversight
3175,oversights
3176,oversimplification
3177,oversimplified
3178,oversimplify
3179,oversize
3180,overstate
3181,overstated
3182,overstatement
3183,overstatements
3184,overstates
3185,overtaxed
3186,overthrow
3187,overthrows
3188,overturn
3189,overweight
3190,overwhelm
3191,overwhelmed
3192,overwhelming
3193,overwhelmingly
3194,overwhelms
3195,overzealous
3196,overzealously
3197,overzelous
3198,pain
3199,painful
3200,painfull
3201,painfully
3202,pains
3203,pale
3204,pales
3205,paltry
3206,pan
3207,pandemonium
3208,pander
3209,pandering
3210,panders
3211,panic
3212,panick
3213,panicked
3214,panicking
3215,panicky
3216,paradoxical
3217,paradoxically
3218,paralize
3219,paralyzed
3220,paranoia
3221,paranoid
3222,parasite
3223,pariah
3224,parody
3225,partiality
3226,partisan
3227,partisans
3228,passe
3229,passive
3230,passiveness
3231,pathetic
3232,pathetically
3233,patronize
3234,paucity
3235,pauper
3236,paupers
3237,payback
3238,peculiar
3239,peculiarly
3240,pedantic
3241,peeled
3242,peeve
3243,peeved
3244,peevish
3245,peevishly
3246,penalize
3247,penalty
3248,perfidious
3249,perfidity
3250,perfunctory
3251,peril
3252,perilous
3253,perilously
3254,perish
3255,pernicious
3256,perplex
3257,perplexed
3258,perplexing
3259,perplexity
3260,persecute
3261,persecution
3262,pertinacious
3263,pertinaciously
3264,pertinacity
3265,perturb
3266,perturbed
3267,pervasive
3268,perverse
3269,perversely
3270,perversion
3271,perversity
3272,pervert
3273,perverted
3274,perverts
3275,pessimism
3276,pessimistic
3277,pessimistically
3278,pest
3279,pestilent
3280,petrified
3281,petrify
3282,pettifog
3283,petty
3284,phobia
3285,phobic
3286,phony
3287,picket
3288,picketed
3289,picketing
3290,pickets
3291,picky
3292,pig
3293,pigs
3294,pillage
3295,pillory
3296,pimple
3297,pinch
3298,pique
3299,pitiable
3300,pitiful
3301,pitifully
3302,pitiless
3303,pitilessly
3304,pittance
3305,pity
3306,plagiarize
3307,plague
3308,plasticky
3309,plaything
3310,plea
3311,pleas
3312,plebeian
3313,plight
3314,plot
3315,plotters
3316,ploy
3317,plunder
3318,plunderer
3319,pointless
3320,pointlessly
3321,poison
3322,poisonous
3323,poisonously
3324,pokey
3325,poky
3326,polarisation
3327,polemize
3328,pollute
3329,polluter
3330,polluters
3331,polution
3332,pompous
3333,poor
3334,poorer
3335,poorest
3336,poorly
3337,posturing
3338,pout
3339,poverty
3340,powerless
3341,prate
3342,pratfall
3343,prattle
3344,precarious
3345,precariously
3346,precipitate
3347,precipitous
3348,predatory
3349,predicament
3350,prejudge
3351,prejudice
3352,prejudices
3353,prejudicial
3354,premeditated
3355,preoccupy
3356,preposterous
3357,preposterously
3358,presumptuous
3359,presumptuously
3360,pretence
3361,pretend
3362,pretense
3363,pretentious
3364,pretentiously
3365,prevaricate
3366,pricey
3367,pricier
3368,prick
3369,prickle
3370,prickles
3371,prideful
3372,prik
3373,primitive
3374,prison
3375,prisoner
3376,problem
3377,problematic
3378,problems
3379,procrastinate
3380,procrastinates
3381,procrastination
3382,profane
3383,profanity
3384,prohibit
3385,prohibitive
3386,prohibitively
3387,propaganda
3388,propagandize
3389,proprietary
3390,prosecute
3391,protest
3392,protested
3393,protesting
3394,protests
3395,protracted
3396,provocation
3397,provocative
3398,provoke
3399,pry
3400,pugnacious
3401,pugnaciously
3402,pugnacity
3403,punch
3404,punish
3405,punishable
3406,punitive
3407,punk
3408,puny
3409,puppet
3410,puppets
3411,puzzled
3412,puzzlement
3413,puzzling
3414,quack
3415,qualm
3416,qualms
3417,quandary
3418,quarrel
3419,quarrellous
3420,quarrellously
3421,quarrels
3422,quarrelsome
3423,quash
3424,queer
3425,questionable
3426,quibble
3427,quibbles
3428,quitter
3429,rabid
3430,racism
3431,racist
3432,racists
3433,racy
3434,radical
3435,radicalization
3436,radically
3437,radicals
3438,rage
3439,ragged
3440,raging
3441,rail
3442,raked
3443,rampage
3444,rampant
3445,ramshackle
3446,rancor
3447,randomly
3448,rankle
3449,rant
3450,ranted
3451,ranting
3452,rantingly
3453,rants
3454,rape
3455,raped
3456,raping
3457,rascal
3458,rascals
3459,rash
3460,rattle
3461,rattled
3462,rattles
3463,ravage
3464,raving
3465,reactionary
3466,rebellious
3467,rebuff
3468,rebuke
3469,recalcitrant
3470,recant
3471,recession
3472,recessionary
3473,reckless
3474,recklessly
3475,recklessness
3476,recoil
3477,recourses
3478,redundancy
3479,redundant
3480,refusal
3481,refuse
3482,refused
3483,refuses
3484,refusing
3485,refutation
3486,refute
3487,refuted
3488,refutes
3489,refuting
3490,regress
3491,regression
3492,regressive
3493,regret
3494,regreted
3495,regretful
3496,regretfully
3497,regrets
3498,regrettable
3499,regrettably
3500,regretted
3501,reject
3502,rejected
3503,rejecting
3504,rejection
3505,rejects
3506,relapse
3507,relentless
3508,relentlessly
3509,relentlessness
3510,reluctance
3511,reluctant
3512,reluctantly
3513,remorse
3514,remorseful
3515,remorsefully
3516,remorseless
3517,remorselessly
3518,remorselessness
3519,renounce
3520,renunciation
3521,repel
3522,repetitive
3523,reprehensible
3524,reprehensibly
3525,reprehension
3526,reprehensive
3527,repress
3528,repression
3529,repressive
3530,reprimand
3531,reproach
3532,reproachful
3533,reprove
3534,reprovingly
3535,repudiate
3536,repudiation
3537,repugn
3538,repugnance
3539,repugnant
3540,repugnantly
3541,repulse
3542,repulsed
3543,repulsing
3544,repulsive
3545,repulsively
3546,repulsiveness
3547,resent
3548,resentful
3549,resentment
3550,resignation
3551,resigned
3552,resistance
3553,restless
3554,restlessness
3555,restrict
3556,restricted
3557,restriction
3558,restrictive
3559,resurgent
3560,retaliate
3561,retaliatory
3562,retard
3563,retarded
3564,retardedness
3565,retards
3566,reticent
3567,retract
3568,retreat
3569,retreated
3570,revenge
3571,revengeful
3572,revengefully
3573,revert
3574,revile
3575,reviled
3576,revoke
3577,revolt
3578,revolting
3579,revoltingly
3580,revulsion
3581,revulsive
3582,rhapsodize
3583,rhetoric
3584,rhetorical
3585,ricer
3586,ridicule
3587,ridicules
3588,ridiculous
3589,ridiculously
3590,rife
3591,rift
3592,rifts
3593,rigid
3594,rigidity
3595,rigidness
3596,rile
3597,riled
3598,rip
3599,rip-off
3600,ripoff
3601,ripped
3602,risk
3603,risks
3604,risky
3605,rival
3606,rivalry
3607,roadblocks
3608,rocky
3609,rogue
3610,rollercoaster
3611,rot
3612,rotten
3613,rough
3614,rremediable
3615,rubbish
3616,rude
3617,rue
3618,ruffian
3619,ruffle
3620,ruin
3621,ruined
3622,ruining
3623,ruinous
3624,ruins
3625,rumbling
3626,rumor
3627,rumors
3628,rumours
3629,rumple
3630,run-down
3631,runaway
3632,rupture
3633,rust
3634,rusts
3635,rusty
3636,rut
3637,ruthless
3638,ruthlessly
3639,ruthlessness
3640,ruts
3641,sabotage
3642,sack
3643,sacrificed
3644,sad
3645,sadden
3646,sadly
3647,sadness
3648,sag
3649,sagged
3650,sagging
3651,saggy
3652,sags
3653,salacious
3654,sanctimonious
3655,sap
3656,sarcasm
3657,sarcastic
3658,sarcastically
3659,sardonic
3660,sardonically
3661,sass
3662,satirical
3663,satirize
3664,savage
3665,savaged
3666,savagery
3667,savages
3668,scaly
3669,scam
3670,scams
3671,scandal
3672,scandalize
3673,scandalized
3674,scandalous
3675,scandalously
3676,scandals
3677,scandel
3678,scandels
3679,scant
3680,scapegoat
3681,scar
3682,scarce
3683,scarcely
3684,scarcity
3685,scare
3686,scared
3687,scarier
3688,scariest
3689,scarily
3690,scarred
3691,scars
3692,scary
3693,scathing
3694,scathingly
3695,sceptical
3696,scoff
3697,scoffingly
3698,scold
3699,scolded
3700,scolding
3701,scoldingly
3702,scorching
3703,scorchingly
3704,scorn
3705,scornful
3706,scornfully
3707,scoundrel
3708,scourge
3709,scowl
3710,scramble
3711,scrambled
3712,scrambles
3713,scrambling
3714,scrap
3715,scratch
3716,scratched
3717,scratches
3718,scratchy
3719,scream
3720,screech
3721,screw-up
3722,screwed
3723,screwed-up
3724,screwy
3725,scuff
3726,scuffs
3727,scum
3728,scummy
3729,second-class
3730,second-tier
3731,secretive
3732,sedentary
3733,seedy
3734,seethe
3735,seething
3736,self-coup
3737,self-criticism
3738,self-defeating
3739,self-destructive
3740,self-humiliation
3741,self-interest
3742,self-interested
3743,self-serving
3744,selfinterested
3745,selfish
3746,selfishly
3747,selfishness
3748,semi-retarded
3749,senile
3750,sensationalize
3751,senseless
3752,senselessly
3753,seriousness
3754,sermonize
3755,servitude
3756,set-up
3757,setback
3758,setbacks
3759,sever
3760,severe
3761,severity
3762,sh*t
3763,shabby
3764,shadowy
3765,shady
3766,shake
3767,shaky
3768,shallow
3769,sham
3770,shambles
3771,shame
3772,shameful
3773,shamefully
3774,shamefulness
3775,shameless
3776,shamelessly
3777,shamelessness
3778,shark
3779,sharply
3780,shatter
3781,shemale
3782,shimmer
3783,shimmy
3784,shipwreck
3785,shirk
3786,shirker
3787,shit
3788,shiver
3789,shock
3790,shocked
3791,shocking
3792,shockingly
3793,shoddy
3794,short-lived
3795,shortage
3796,shortchange
3797,shortcoming
3798,shortcomings
3799,shortness
3800,shortsighted
3801,shortsightedness
3802,showdown
3803,shrew
3804,shriek
3805,shrill
3806,shrilly
3807,shrivel
3808,shroud
3809,shrouded
3810,shrug
3811,shun
3812,shunned
3813,sick
3814,sicken
3815,sickening
3816,sickeningly
3817,sickly
3818,sickness
3819,sidetrack
3820,sidetracked
3821,siege
3822,sillily
3823,silly
3824,simplistic
3825,simplistically
3826,sin
3827,sinful
3828,sinfully
3829,sinister
3830,sinisterly
3831,sink
3832,sinking
3833,skeletons
3834,skeptic
3835,skeptical
3836,skeptically
3837,skepticism
3838,sketchy
3839,skimpy
3840,skinny
3841,skittish
3842,skittishly
3843,skulk
3844,slack
3845,slander
3846,slanderer
3847,slanderous
3848,slanderously
3849,slanders
3850,slap
3851,slashing
3852,slaughter
3853,slaughtered
3854,slave
3855,slaves
3856,sleazy
3857,slime
3858,slog
3859,slogged
3860,slogging
3861,slogs
3862,sloooooooooooooow
3863,sloooow
3864,slooow
3865,sloow
3866,sloppily
3867,sloppy
3868,sloth
3869,slothful
3870,slow
3871,slow-moving
3872,slowed
3873,slower
3874,slowest
3875,slowly
3876,sloww
3877,slowww
3878,slowwww
3879,slug
3880,sluggish
3881,slump
3882,slumping
3883,slumpping
3884,slur
3885,slut
3886,sluts
3887,sly
3888,smack
3889,smallish
3890,smash
3891,smear
3892,smell
3893,smelled
3894,smelling
3895,smells
3896,smelly
3897,smelt
3898,smoke
3899,smokescreen
3900,smolder
3901,smoldering
3902,smother
3903,smoulder
3904,smouldering
3905,smudge
3906,smudged
3907,smudges
3908,smudging
3909,smug
3910,smugly
3911,smut
3912,smuttier
3913,smuttiest
3914,smutty
3915,snag
3916,snagged
3917,snagging
3918,snags
3919,snappish
3920,snappishly
3921,snare
3922,snarky
3923,snarl
3924,sneak
3925,sneakily
3926,sneaky
3927,sneer
3928,sneering
3929,sneeringly
3930,snob
3931,snobbish
3932,snobby
3933,snobish
3934,snobs
3935,snub
3936,so-cal
3937,soapy
3938,sob
3939,sober
3940,sobering
3941,solemn
3942,solicitude
3943,somber
3944,sore
3945,sorely
3946,soreness
3947,sorrow
3948,sorrowful
3949,sorrowfully
3950,sorry
3951,sour
3952,sourly
3953,spade
3954,spank
3955,spendy
3956,spew
3957,spewed
3958,spewing
3959,spews
3960,spilling
3961,spinster
3962,spiritless
3963,spite
3964,spiteful
3965,spitefully
3966,spitefulness
3967,splatter
3968,split
3969,splitting
3970,spoil
3971,spoilage
3972,spoilages
3973,spoiled
3974,spoilled
3975,spoils
3976,spook
3977,spookier
3978,spookiest
3979,spookily
3980,spooky
3981,spoon-fed
3982,spoon-feed
3983,spoonfed
3984,sporadic
3985,spotty
3986,spurious
3987,spurn
3988,sputter
3989,squabble
3990,squabbling
3991,squander
3992,squash
3993,squeak
3994,squeaks
3995,squeaky
3996,squeal
3997,squealing
3998,squeals
3999,squirm
4000,stab
4001,stagnant
4002,stagnate
4003,stagnation
4004,staid
4005,stain
4006,stains
4007,stale
4008,stalemate
4009,stall
4010,stalls
4011,stammer
4012,stampede
4013,standstill
4014,stark
4015,starkly
4016,startle
4017,startling
4018,startlingly
4019,starvation
4020,starve
4021,static
4022,steal
4023,stealing
4024,steals
4025,steep
4026,steeply
4027,stench
4028,stereotype
4029,stereotypical
4030,stereotypically
4031,stern
4032,stew
4033,sticky
4034,stiff
4035,stiffness
4036,stifle
4037,stifling
4038,stiflingly
4039,stigma
4040,stigmatize
4041,sting
4042,stinging
4043,stingingly
4044,stingy
4045,stink
4046,stinks
4047,stodgy
4048,stole
4049,stolen
4050,stooge
4051,stooges
4052,stormy
4053,straggle
4054,straggler
4055,strain
4056,strained
4057,straining
4058,strange
4059,strangely
4060,stranger
4061,strangest
4062,strangle
4063,streaky
4064,strenuous
4065,stress
4066,stresses
4067,stressful
4068,stressfully
4069,stricken
4070,strict
4071,strictly
4072,strident
4073,stridently
4074,strife
4075,strike
4076,stringent
4077,stringently
4078,struck
4079,struggle
4080,struggled
4081,struggles
4082,struggling
4083,strut
4084,stubborn
4085,stubbornly
4086,stubbornness
4087,stuck
4088,stuffy
4089,stumble
4090,stumbled
4091,stumbles
4092,stump
4093,stumped
4094,stumps
4095,stun
4096,stunt
4097,stunted
4098,stupid
4099,stupidest
4100,stupidity
4101,stupidly
4102,stupified
4103,stupify
4104,stupor
4105,stutter
4106,stuttered
4107,stuttering
4108,stutters
4109,sty
4110,stymied
4111,sub-par
4112,subdued
4113,subjected
4114,subjection
4115,subjugate
4116,subjugation
4117,submissive
4118,subordinate
4119,subpoena
4120,subpoenas
4121,subservience
4122,subservient
4123,substandard
4124,subtract
4125,subversion
4126,subversive
4127,subversively
4128,subvert
4129,succumb
4130,suck
4131,sucked
4132,sucker
4133,sucks
4134,sucky
4135,sue
4136,sued
4137,sueing
4138,sues
4139,suffer
4140,suffered
4141,sufferer
4142,sufferers
4143,suffering
4144,suffers
4145,suffocate
4146,sugar-coat
4147,sugar-coated
4148,sugarcoated
4149,suicidal
4150,suicide
4151,sulk
4152,sullen
4153,sully
4154,sunder
4155,sunk
4156,sunken
4157,superficial
4158,superficiality
4159,superficially
4160,superfluous
4161,superstition
4162,superstitious
4163,suppress
4164,suppression
4165,surrender
4166,susceptible
4167,suspect
4168,suspicion
4169,suspicions
4170,suspicious
4171,suspiciously
4172,swagger
4173,swamped
4174,sweaty
4175,swelled
4176,swelling
4177,swindle
4178,swipe
4179,swollen
4180,symptom
4181,symptoms
4182,syndrome
4183,taboo
4184,tacky
4185,taint
4186,tainted
4187,tamper
4188,tangle
4189,tangled
4190,tangles
4191,tank
4192,tanked
4193,tanks
4194,tantrum
4195,tardy
4196,tarnish
4197,tarnished
4198,tarnishes
4199,tarnishing
4200,tattered
4201,taunt
4202,taunting
4203,tauntingly
4204,taunts
4205,taut
4206,tawdry
4207,taxing
4208,tease
4209,teasingly
4210,tedious
4211,tediously
4212,temerity
4213,temper
4214,tempest
4215,temptation
4216,tenderness
4217,tense
4218,tension
4219,tentative
4220,tentatively
4221,tenuous
4222,tenuously
4223,tepid
4224,terrible
4225,terribleness
4226,terribly
4227,terror
4228,terror-genic
4229,terrorism
4230,terrorize
4231,testily
4232,testy
4233,tetchily
4234,tetchy
4235,thankless
4236,thicker
4237,thirst
4238,thorny
4239,thoughtless
4240,thoughtlessly
4241,thoughtlessness
4242,thrash
4243,threat
4244,threaten
4245,threatening
4246,threats
4247,threesome
4248,throb
4249,throbbed
4250,throbbing
4251,throbs
4252,throttle
4253,thug
4254,thumb-down
4255,thumbs-down
4256,thwart
4257,time-consuming
4258,timid
4259,timidity
4260,timidly
4261,timidness
4262,tin-y
4263,tingled
4264,tingling
4265,tired
4266,tiresome
4267,tiring
4268,tiringly
4269,toil
4270,toll
4271,top-heavy
4272,topple
4273,torment
4274,tormented
4275,torrent
4276,tortuous
4277,torture
4278,tortured
4279,tortures
4280,torturing
4281,torturous
4282,torturously
4283,totalitarian
4284,touchy
4285,toughness
4286,tout
4287,touted
4288,touts
4289,toxic
4290,traduce
4291,tragedy
4292,tragic
4293,tragically
4294,traitor
4295,traitorous
4296,traitorously
4297,tramp
4298,trample
4299,transgress
4300,transgression
4301,trap
4302,traped
4303,trapped
4304,trash
4305,trashed
4306,trashy
4307,trauma
4308,traumatic
4309,traumatically
4310,traumatize
4311,traumatized
4312,travesties
4313,travesty
4314,treacherous
4315,treacherously
4316,treachery
4317,treason
4318,treasonous
4319,trick
4320,tricked
4321,trickery
4322,tricky
4323,trivial
4324,trivialize
4325,trouble
4326,troubled
4327,troublemaker
4328,troubles
4329,troublesome
4330,troublesomely
4331,troubling
4332,troublingly
4333,truant
4334,tumble
4335,tumbled
4336,tumbles
4337,tumultuous
4338,turbulent
4339,turmoil
4340,twist
4341,twisted
4342,twists
4343,two-faced
4344,two-faces
4345,tyrannical
4346,tyrannically
4347,tyranny
4348,tyrant
4349,ugh
4350,uglier
4351,ugliest
4352,ugliness
4353,ugly
4354,ulterior
4355,ultimatum
4356,ultimatums
4357,ultra-hardline
4358,un-viewable
4359,unable
4360,unacceptable
4361,unacceptablely
4362,unacceptably
4363,unaccessible
4364,unaccustomed
4365,unachievable
4366,unaffordable
4367,unappealing
4368,unattractive
4369,unauthentic
4370,unavailable
4371,unavoidably
4372,unbearable
4373,unbearablely
4374,unbelievable
4375,unbelievably
4376,uncaring
4377,uncertain
4378,uncivil
4379,uncivilized
4380,unclean
4381,unclear
4382,uncollectible
4383,uncomfortable
4384,uncomfortably
4385,uncomfy
4386,uncompetitive
4387,uncompromising
4388,uncompromisingly
4389,unconfirmed
4390,unconstitutional
4391,uncontrolled
4392,unconvincing
4393,unconvincingly
4394,uncooperative
4395,uncouth
4396,uncreative
4397,undecided
4398,undefined
4399,undependability
4400,undependable
4401,undercut
4402,undercuts
4403,undercutting
4404,underdog
4405,underestimate
4406,underlings
4407,undermine
4408,undermined
4409,undermines
4410,undermining
4411,underpaid
4412,underpowered
4413,undersized
4414,undesirable
4415,undetermined
4416,undid
4417,undignified
4418,undissolved
4419,undocumented
4420,undone
4421,undue
4422,unease
4423,uneasily
4424,uneasiness
4425,uneasy
4426,uneconomical
4427,unemployed
4428,unequal
4429,unethical
4430,uneven
4431,uneventful
4432,unexpected
4433,unexpectedly
4434,unexplained
4435,unfairly
4436,unfaithful
4437,unfaithfully
4438,unfamiliar
4439,unfavorable
4440,unfeeling
4441,unfinished
4442,unfit
4443,unforeseen
4444,unforgiving
4445,unfortunate
4446,unfortunately
4447,unfounded
4448,unfriendly
4449,unfulfilled
4450,unfunded
4451,ungovernable
4452,ungrateful
4453,unhappily
4454,unhappiness
4455,unhappy
4456,unhealthy
4457,unhelpful
4458,unilateralism
4459,unimaginable
4460,unimaginably
4461,unimportant
4462,uninformed
4463,uninsured
4464,unintelligible
4465,unintelligile
4466,unipolar
4467,unjust
4468,unjustifiable
4469,unjustifiably
4470,unjustified
4471,unjustly
4472,unkind
4473,unkindly
4474,unknown
4475,unlamentable
4476,unlamentably
4477,unlawful
4478,unlawfully
4479,unlawfulness
4480,unleash
4481,unlicensed
4482,unlikely
4483,unlucky
4484,unmoved
4485,unnatural
4486,unnaturally
4487,unnecessary
4488,unneeded
4489,unnerve
4490,unnerved
4491,unnerving
4492,unnervingly
4493,unnoticed
4494,unobserved
4495,unorthodox
4496,unorthodoxy
4497,unpleasant
4498,unpleasantries
4499,unpopular
4500,unpredictable
4501,unprepared
4502,unproductive
4503,unprofitable
4504,unprove
4505,unproved
4506,unproven
4507,unproves
4508,unproving
4509,unqualified
4510,unravel
4511,unraveled
4512,unreachable
4513,unreadable
4514,unrealistic
4515,unreasonable
4516,unreasonably
4517,unrelenting
4518,unrelentingly
4519,unreliability
4520,unreliable
4521,unresolved
4522,unresponsive
4523,unrest
4524,unruly
4525,unsafe
4526,unsatisfactory
4527,unsavory
4528,unscrupulous
4529,unscrupulously
4530,unsecure
4531,unseemly
4532,unsettle
4533,unsettled
4534,unsettling
4535,unsettlingly
4536,unskilled
4537,unsophisticated
4538,unsound
4539,unspeakable
4540,unspeakablely
4541,unspecified
4542,unstable
4543,unsteadily
4544,unsteadiness
4545,unsteady
4546,unsuccessful
4547,unsuccessfully
4548,unsupported
4549,unsupportive
4550,unsure
4551,unsuspecting
4552,unsustainable
4553,untenable
4554,untested
4555,unthinkable
4556,unthinkably
4557,untimely
4558,untouched
4559,untrue
4560,untrustworthy
4561,untruthful
4562,unusable
4563,unusably
4564,unuseable
4565,unuseably
4566,unusual
4567,unusually
4568,unviewable
4569,unwanted
4570,unwarranted
4571,unwatchable
4572,unwelcome
4573,unwell
4574,unwieldy
4575,unwilling
4576,unwillingly
4577,unwillingness
4578,unwise
4579,unwisely
4580,unworkable
4581,unworthy
4582,unyielding
4583,upbraid
4584,upheaval
4585,uprising
4586,uproar
4587,uproarious
4588,uproariously
4589,uproarous
4590,uproarously
4591,uproot
4592,upset
4593,upseting
4594,upsets
4595,upsetting
4596,upsettingly
4597,urgent
4598,useless
4599,usurp
4600,usurper
4601,utterly
4602,vagrant
4603,vague
4604,vagueness
4605,vain
4606,vainly
4607,vanity
4608,vehement
4609,vehemently
4610,vengeance
4611,vengeful
4612,vengefully
4613,vengefulness
4614,venom
4615,venomous
4616,venomously
4617,vent
4618,vestiges
4619,vex
4620,vexation
4621,vexing
4622,vexingly
4623,vibrate
4624,vibrated
4625,vibrates
4626,vibrating
4627,vibration
4628,vice
4629,vicious
4630,viciously
4631,viciousness
4632,victimize
4633,vile
4634,vileness
4635,vilify
4636,villainous
4637,villainously
4638,villains
4639,villian
4640,villianous
4641,villianously
4642,villify
4643,vindictive
4644,vindictively
4645,vindictiveness
4646,violate
4647,violation
4648,violator
4649,violators
4650,violent
4651,violently
4652,viper
4653,virulence
4654,virulent
4655,virulently
4656,virus
4657,vociferous
4658,vociferously
4659,volatile
4660,volatility
4661,vomit
4662,vomited
4663,vomiting
4664,vomits
4665,vulgar
4666,vulnerable
4667,wack
4668,wail
4669,wallow
4670,wane
4671,waning
4672,wanton
4673,war-like
4674,warily
4675,wariness
4676,warlike
4677,warned
4678,warning
4679,warp
4680,warped
4681,wary
4682,washed-out
4683,waste
4684,wasted
4685,wasteful
4686,wastefulness
4687,wasting
4688,water-down
4689,watered-down
4690,wayward
4691,weak
4692,weaken
4693,weakening
4694,weaker
4695,weakness
4696,weaknesses
4697,weariness
4698,wearisome
4699,weary
4700,wedge
4701,weed
4702,weep
4703,weird
4704,weirdly
4705,wheedle
4706,whimper
4707,whine
4708,whining
4709,whiny
4710,whips
4711,whore
4712,whores
4713,wicked
4714,wickedly
4715,wickedness
4716,wild
4717,wildly
4718,wiles
4719,wilt
4720,wily
4721,wimpy
4722,wince
4723,wobble
4724,wobbled
4725,wobbles
4726,woe
4727,woebegone
4728,woeful
4729,woefully
4730,womanizer
4731,womanizing
4732,worn
4733,worried
4734,worriedly
4735,worrier
4736,worries
4737,worrisome
4738,worry
4739,worrying
4740,worryingly
4741,worse
4742,worsen
4743,worsening
4744,worst
4745,worthless
4746,worthlessly
4747,worthlessness
4748,wound
4749,wounds
4750,wrangle
4751,wrath
4752,wreak
4753,wreaked
4754,wreaks
4755,wreck
4756,wrest
4757,wrestle
4758,wretch
4759,wretched
4760,wretchedly
4761,wretchedness
4762,wrinkle
4763,wrinkled
4764,wrinkles
4765,wrip
4766,wripped
4767,wripping
4768,writhe
4769,wrong
4770,wrongful
4771,wrongly
4772,wrought
4773,yawn
4774,zap
4775,zapped
4776,zaps
4777,zealot
4778,zealous
4779,zealously
4780,zombie